﻿Designator,Footprint,Quantity,Value,LCSC Part #
C3,0402,1,100u,C56392
C4,0402,1,10u,C56392
C8,0402,1,100n,
"D10, D11, D3, D4, D5, D6, D8, D9",SB10100L,8,SB10100L,C113946
D2,0603,1,LED Green,LTST-S270KGKT
D7,0603,1,LED Red,LTST-S270KRKT
IC1,AG9905MTB,1,AG9905-MTB,
J1,Hirose_FH12-22S-0.5SH_1x22-1MP_P0.50mm_Horizontal,1,Conn_01x22_Female,
J2,USB_Micro-B_EDAC_UCON00686,1,USB_OTG,10103594-0001LF
J3,PinHeader_1x10_P2.54mm_Vertical,1,DNP,
J4,JST_SM04B-SRSS-TB(LF)(SN),1,SM04B-SRSS-TB(LF)(SN),SM04B-SRSS-TB(LF)(SN)
JP1,SolderJumper-2_P1.3mm_Open_RoundedPad1.0x1.5mm,1,SolderJumper_2_Open,
MODULE1,Raspberry-Pi-4-Compute-Module,1,ComputeModule4-CM4,2x DF40C-100DS-0.4V
"R10, R9",0603,2,DNP,
"R11, R12",0402,2,470R,
"R5, R6",0603,2,2.2K 1%,RC0603FR-072K2L
"R7, R8",0603,2,1k,RC0603FR-071KL
"U2, U4, U5, U6, U7",Texas_DRT-3,5,TPD2EUSB30,TPD2EUSB30DRTR
U3,SOT-353_SC-70-5,1,74LVC1G07SE-7,74LVC1G07SE-7
U8,TRJG0926HENL,1,MagJack-A70-112-331N126,LPJG0926HENL
