"Reference","Qty","Value","DNP","Exclude from BOM","Exclude from Board","Footprint","Datasheet"
"C3","1","100u","","","","Capacitor_SMD:C_0402_1005Metric","~"
"C4","1","10u","","","","Capacitor_SMD:C_0402_1005Metric","~"
"C8","1","100n","","","","Capacitor_SMD:C_0402_1005Metric","https://search.murata.co.jp/Ceramy/image/img/A01X/G101/ENG/GRM155R71C104KA88-01.pdf"
"D2","1","LED Green","","","","LED_SMD:LED_0603_1608Metric","~"
"D3,D4,D5,D6,D8,D9,D10,D11","8","SB10100L","","","","Library:SB10100L","https://lcsc.com/product-detail/Schottky-Barrier-Diodes-SBD_Jiangsu-Yutai-Elec-SB10100L_C113946.html"
"D7","1","LED Red","","","","LED_SMD:LED_0603_1608Metric","~"
"IC1","1","AG9905-MTB","","","","Library2:AG9905MTB","https://www.silvertel.com/images/datasheets/Ag9900M-datasheet-ultra-miniature-isolated-Power-over-Ethernet-POE-module.pdf"
"J1","1","Conn_01x22_Female","","","","CM4IO:Hirose_FH12-22S-0.5SH_1x22-1MP_P0.50mm_Horizontal","https://www.hirose.com/product/document?clcode=&productname=&series=FH12&documenttype=Catalog&lang=en&documentid=D31648_en"
"J2","1","USB_OTG","","","","CM4IO:USB_Micro-B_EDAC_UCON00686","~"
"J3","1","DNP","","","","Connector_PinHeader_2.54mm:PinHeader_1x10_P2.54mm_Vertical","~"
"J4","1","SM04B-SRSS-TB(LF)(SN)","","","","SM04B-SRSS-TB_LF__SN_:JST_SM04B-SRSS-TB(LF)(SN)",""
"JP1","1","SolderJumper_2_Open","","","","Jumper:SolderJumper-2_P1.3mm_Open_RoundedPad1.0x1.5mm","~"
"Module1","1","ComputeModule4-CM4","","","","CM4IO:Raspberry-Pi-4-Compute-Module",""
"R5,R6","2","2.2K 1%","","","","Resistor_SMD:R_0603_1608Metric_Pad0.98x0.95mm_HandSolder","~"
"R7,R8","2","1k","","","","Resistor_SMD:R_0603_1608Metric_Pad0.98x0.95mm_HandSolder","~"
"R9,R10","2","DNP","","","","Resistor_SMD:R_0603_1608Metric_Pad0.98x0.95mm_HandSolder","~"
"R11,R12","2","470R","","","","Resistor_SMD:R_0402_1005Metric","https://fscdn.rohm.com/en/products/databook/datasheet/passive/resistor/chip_resistor/mcr-e.pdf"
"U2,U4,U5,U6,U7","5","TPD2EUSB30","","","","Package_TO_SOT_SMD:Texas_DRT-3","http://www.ti.com/lit/ds/symlink/tpd2eusb30a.pdf"
"U3","1","74LVC1G07SE-7","","","","Package_TO_SOT_SMD:SOT-353_SC-70-5","http://www.ti.com/lit/sg/scyt129e/scyt129e.pdf"
"U8","1","MagJack-A70-112-331N126","","","","CM4IO:TRJG0926HENL","https://p.globalsources.com/IMAGES/PDT/SPEC/690/K1160305690.pdf"
