<?xml version="1.0" encoding="UTF-8"?>
<export version="D">
  <design>
    <source>C:\Users\sgmustadio\Documents\GitHub\rpi-cm4-base-carrier\hardware\rpi-cm4-base-carrier\rpi-cm4-base-carrier.kicad_sch</source>
    <date>11/13/20 09:37:14</date>
    <tool>Eeschema (5.99.0-6900-ga9be08e1ce)</tool>
    <sheet number="1" name="/" tstamps="/">
      <title_block>
        <title>Raspberry Pi Compute Module 4 Base Carrier</title>
        <company/>
        <rev>v01</rev>
        <date>2020-10-31</date>
        <source>rpi-cm4-base-carrier.kicad_sch</source>
        <comment number="1" value=""/>
        <comment number="2" value="creativecommons.org/licenses/by-sa/4.0/"/>
        <comment number="3" value="License: CC BY-SA 4.0"/>
        <comment number="4" value="Author: Shawn Hymel"/>
        <comment number="5" value=""/>
        <comment number="6" value=""/>
        <comment number="7" value=""/>
        <comment number="8" value=""/>
        <comment number="9" value=""/>
      </title_block>
    </sheet>
    <sheet number="2" name="/CM4 GPIO/" tstamps="/fc4c71a5-1008-4ac4-98db-57c838c57d91/">
      <title_block>
        <title>Raspberry Pi Compute Module 4 Base Carrier</title>
        <company/>
        <rev>v01</rev>
        <date>2020-10-31</date>
        <source>cm4-gpio.kicad_sch</source>
        <comment number="1" value=""/>
        <comment number="2" value="creativecommons.org/licenses/by-sa/4.0"/>
        <comment number="3" value="License: CC BY-SA 4.0"/>
        <comment number="4" value="Author: Shawn Hymel"/>
        <comment number="5" value=""/>
        <comment number="6" value=""/>
        <comment number="7" value=""/>
        <comment number="8" value=""/>
        <comment number="9" value=""/>
      </title_block>
    </sheet>
    <sheet number="3" name="/CM4 High Speed/" tstamps="/caa71f4c-454d-4ac9-b287-456eafb34991/">
      <title_block>
        <title>Raspberry Pi Compute Module 4 Base Carrier</title>
        <company/>
        <rev>v01</rev>
        <date>2020-10-31</date>
        <source>cm4-high-speed.kicad_sch</source>
        <comment number="1" value=""/>
        <comment number="2" value="creativecommons.org/licenses/by-sa/4.0"/>
        <comment number="3" value="License: CC BY-SA 4.0"/>
        <comment number="4" value="Author: Shawn Hymel"/>
        <comment number="5" value=""/>
        <comment number="6" value=""/>
        <comment number="7" value=""/>
        <comment number="8" value=""/>
        <comment number="9" value=""/>
      </title_block>
    </sheet>
  </design>
  <components>
    <comp ref="CR1">
      <value>SMBJ5.0A-TR</value>
      <footprint>footprints:SMBJ5.0A-TR</footprint>
      <fields>
        <field name="Digi-Key_PN">497-3144-1-ND</field>
        <field name="MPN">SMBJ5.0A-TR</field>
        <field name="Manufacturer">STMicroelectronics</field>
      </fields>
      <libsource lib="2020-11-06_22-01-36" part="SMBJ5.0A-TR" description=""/>
      <property name="Manufacturer" value="STMicroelectronics"/>
      <property name="MPN" value="SMBJ5.0A-TR"/>
      <property name="Digi-Key_PN" value="497-3144-1-ND"/>
      <property name="Sheet name" value="CM4 GPIO"/>
      <property name="Sheet file" value="cm4-gpio.kicad_sch"/>
      <sheetpath names="/CM4 GPIO/" tstamps="/fc4c71a5-1008-4ac4-98db-57c838c57d91/"/>
      <tstamp>fbc197bf-e2f3-4638-9935-f28d7c075a1e</tstamp>
    </comp>
    <comp ref="D1">
      <value>LED Green</value>
      <footprint>LED_SMD:LED_0603_1608Metric</footprint>
      <datasheet>~</datasheet>
      <fields>
        <field name="Digi-Key_PN">160-1478-1-ND</field>
        <field name="MPN">LTST-S270KGKT</field>
        <field name="Manufacturer">Lite-On Inc.</field>
        <field name="Part Description">	Green 572nm LED Indication - Discrete 2.2V 2-SMD, No Lead</field>
      </fields>
      <libsource lib="Device" part="LED" description="Light emitting diode"/>
      <property name="Part Description" value="&#x9;Green 572nm LED Indication - Discrete 2.2V 2-SMD, No Lead"/>
      <property name="Manufacturer" value="Lite-On Inc."/>
      <property name="MPN" value="LTST-S270KGKT"/>
      <property name="Digi-Key_PN" value="160-1478-1-ND"/>
      <property name="Sheet name" value="CM4 GPIO"/>
      <property name="Sheet file" value="cm4-gpio.kicad_sch"/>
      <sheetpath names="/CM4 GPIO/" tstamps="/fc4c71a5-1008-4ac4-98db-57c838c57d91/"/>
      <tstamp>a7ffff95-46ae-494c-85c4-9efe00fc8a49</tstamp>
    </comp>
    <comp ref="D2">
      <value>LED Red</value>
      <footprint>LED_SMD:LED_0603_1608Metric</footprint>
      <datasheet>~</datasheet>
      <fields>
        <field name="Digi-Key_PN">160-1479-1-ND</field>
        <field name="MPN">LTST-S270KRKT</field>
        <field name="Manufacturer">Lite-On Inc.</field>
        <field name="Part Description">	Red 620nm LED Indication - Discrete 2.2V 2-SMD, No Lead</field>
      </fields>
      <libsource lib="Device" part="LED" description="Light emitting diode"/>
      <property name="Part Description" value="&#x9;Red 620nm LED Indication - Discrete 2.2V 2-SMD, No Lead"/>
      <property name="Manufacturer" value="Lite-On Inc."/>
      <property name="MPN" value="LTST-S270KRKT"/>
      <property name="Digi-Key_PN" value="160-1479-1-ND"/>
      <property name="Sheet name" value="CM4 GPIO"/>
      <property name="Sheet file" value="cm4-gpio.kicad_sch"/>
      <sheetpath names="/CM4 GPIO/" tstamps="/fc4c71a5-1008-4ac4-98db-57c838c57d91/"/>
      <tstamp>12d78f79-203c-4c00-81dd-cf0e4083b575</tstamp>
    </comp>
    <comp ref="J1">
      <value>DNP</value>
      <footprint>Connector_PinHeader_2.54mm:PinHeader_1x10_P2.54mm_Vertical</footprint>
      <datasheet>~</datasheet>
      <libsource lib="Connector_Generic" part="Conn_01x10" description="Generic connector, single row, 01x10, script generated (kicad-library-utils/schlib/autogen/connector/)"/>
      <property name="Sheet name" value="CM4 GPIO"/>
      <property name="Sheet file" value="cm4-gpio.kicad_sch"/>
      <sheetpath names="/CM4 GPIO/" tstamps="/fc4c71a5-1008-4ac4-98db-57c838c57d91/"/>
      <tstamp>7daa98ed-9d74-497f-a5b7-7cb922441ba1</tstamp>
    </comp>
    <comp ref="J2">
      <value>USB4105-GF-A</value>
      <footprint>USB4105-GF-A:GCT_USB4105-GF-A</footprint>
      <fields>
        <field name="AVAILABILITY">Unavailable</field>
        <field name="DESCRIPTION">USB - C _Type - C_ USB 2.0 Receptacle Connector 24 Position Surface Mount, Right Angle; Through Hole</field>
        <field name="Digi-Key_PN">2073-USB4105-GF-ACT-ND</field>
        <field name="MF">Global Connector Technology</field>
        <field name="MP">USB4105</field>
        <field name="MPN">USB4105-GF-A</field>
        <field name="Manufacturer">GCT</field>
        <field name="PACKAGE">Package Analog Devices</field>
        <field name="PRICE">None</field>
      </fields>
      <libsource lib="USB4105-GF-A" part="USB4105-GF-A" description=""/>
      <property name="AVAILABILITY" value="Unavailable"/>
      <property name="DESCRIPTION" value="USB - C _Type - C_ USB 2.0 Receptacle Connector 24 Position Surface Mount, Right Angle; Through Hole"/>
      <property name="PRICE" value="None"/>
      <property name="MP" value="USB4105"/>
      <property name="MF" value="Global Connector Technology"/>
      <property name="PACKAGE" value="Package Analog Devices"/>
      <property name="Manufacturer" value="GCT"/>
      <property name="MPN" value="USB4105-GF-A"/>
      <property name="Digi-Key_PN" value="2073-USB4105-GF-ACT-ND"/>
      <property name="Sheet name" value="CM4 GPIO"/>
      <property name="Sheet file" value="cm4-gpio.kicad_sch"/>
      <sheetpath names="/CM4 GPIO/" tstamps="/fc4c71a5-1008-4ac4-98db-57c838c57d91/"/>
      <tstamp>1591dea8-b19a-4d2f-8baa-e66d31282c58</tstamp>
    </comp>
    <comp ref="J3">
      <value>SM04B-SRSS-TB(LF)(SN)</value>
      <footprint>SM04B-SRSS-TB_LF__SN_:JST_SM04B-SRSS-TB(LF)(SN)</footprint>
      <fields>
        <field name="Digi-Key_PN">455-1804-1-ND</field>
        <field name="MPN">SM04B-SRSS-TB(LF)(SN)</field>
        <field name="Manufacturer">JST Sales America Inc.</field>
        <field name="STANDARD">Manufacturer recommendations</field>
      </fields>
      <libsource lib="SM04B-SRSS-TB_LF__SN_" part="SM04B-SRSS-TB(LF)(SN)" description=""/>
      <property name="STANDARD" value="Manufacturer recommendations"/>
      <property name="Manufacturer" value="JST Sales America Inc."/>
      <property name="MPN" value="SM04B-SRSS-TB(LF)(SN)"/>
      <property name="Digi-Key_PN" value="455-1804-1-ND"/>
      <property name="Sheet name" value="CM4 GPIO"/>
      <property name="Sheet file" value="cm4-gpio.kicad_sch"/>
      <sheetpath names="/CM4 GPIO/" tstamps="/fc4c71a5-1008-4ac4-98db-57c838c57d91/"/>
      <tstamp>29b83231-3914-45e6-9ff5-265c2d7895d5</tstamp>
    </comp>
    <comp ref="JP1">
      <value>SolderJumper_2_Open</value>
      <footprint>Jumper:SolderJumper-2_P1.3mm_Open_RoundedPad1.0x1.5mm</footprint>
      <datasheet>~</datasheet>
      <libsource lib="Jumper" part="SolderJumper_2_Open" description="Solder Jumper, 2-pole, open"/>
      <property name="Sheet name" value="CM4 GPIO"/>
      <property name="Sheet file" value="cm4-gpio.kicad_sch"/>
      <sheetpath names="/CM4 GPIO/" tstamps="/fc4c71a5-1008-4ac4-98db-57c838c57d91/"/>
      <tstamp>e653ed96-2ceb-42bc-905c-db47449cc067</tstamp>
    </comp>
    <comp ref="Module1">
      <value>ComputeModule4-CM4</value>
      <footprint>CM4IO:Raspberry-Pi-4-Compute-Module</footprint>
      <fields>
        <field name="Digi-Key_PN">2x H11615CT-ND</field>
        <field name="Digi-Key_PN (Alt)">2x H124602CT-ND</field>
        <field name="Field4">Hirose</field>
        <field name="Field5">2x DF40C-100DS-0.4V</field>
        <field name="MPN">2x DF40C-100DS-0.4V</field>
        <field name="Manufacturer">Hirose</field>
      </fields>
      <libsource lib="CM4IO" part="ComputeModule4-CM4" description=""/>
      <property name="Manufacturer" value="Hirose"/>
      <property name="MPN" value="2x DF40C-100DS-0.4V"/>
      <property name="Digi-Key_PN" value="2x H11615CT-ND"/>
      <property name="Digi-Key_PN (Alt)" value="2x H124602CT-ND"/>
      <property name="Sheet name" value="CM4 GPIO"/>
      <property name="Sheet file" value="cm4-gpio.kicad_sch"/>
      <sheetpath names="/CM4 GPIO/" tstamps="/fc4c71a5-1008-4ac4-98db-57c838c57d91/"/>
      <tstamp>463d59ed-ef45-4402-9140-190527b0aff8</tstamp>
    </comp>
    <comp ref="R1">
      <value>5.1k</value>
      <footprint>Resistor_SMD:R_0603_1608Metric_Pad0.98x0.95mm_HandSolder</footprint>
      <datasheet>~</datasheet>
      <fields>
        <field name="Digi-Key_PN">311-5.10KHRCT-ND</field>
        <field name="MPN">RC0603FR-075K1L</field>
        <field name="Manufacturer">Yageo</field>
      </fields>
      <libsource lib="Device" part="R" description="Resistor"/>
      <property name="Manufacturer" value="Yageo"/>
      <property name="MPN" value="RC0603FR-075K1L"/>
      <property name="Digi-Key_PN" value="311-5.10KHRCT-ND"/>
      <property name="Sheet name" value="CM4 GPIO"/>
      <property name="Sheet file" value="cm4-gpio.kicad_sch"/>
      <sheetpath names="/CM4 GPIO/" tstamps="/fc4c71a5-1008-4ac4-98db-57c838c57d91/"/>
      <tstamp>19ae9b22-a1d3-4ec4-a43e-6fb99c903f21</tstamp>
    </comp>
    <comp ref="R2">
      <value>1k</value>
      <footprint>Resistor_SMD:R_0603_1608Metric_Pad0.98x0.95mm_HandSolder</footprint>
      <datasheet>~</datasheet>
      <fields>
        <field name="Digi-Key_PN">311-1.00KHRCT-ND</field>
        <field name="MPN">RC0603FR-071KL</field>
        <field name="Manufacturer">Yageo</field>
      </fields>
      <libsource lib="Device" part="R" description="Resistor"/>
      <property name="Manufacturer" value="Yageo"/>
      <property name="MPN" value="RC0603FR-071KL"/>
      <property name="Digi-Key_PN" value="311-1.00KHRCT-ND"/>
      <property name="Sheet name" value="CM4 GPIO"/>
      <property name="Sheet file" value="cm4-gpio.kicad_sch"/>
      <sheetpath names="/CM4 GPIO/" tstamps="/fc4c71a5-1008-4ac4-98db-57c838c57d91/"/>
      <tstamp>bbc9e09d-42da-4f29-be94-2e044d09f397</tstamp>
    </comp>
    <comp ref="R3">
      <value>DNP</value>
      <footprint>Resistor_SMD:R_0603_1608Metric_Pad0.98x0.95mm_HandSolder</footprint>
      <datasheet>~</datasheet>
      <libsource lib="Device" part="R" description="Resistor"/>
      <property name="Sheet name" value="CM4 GPIO"/>
      <property name="Sheet file" value="cm4-gpio.kicad_sch"/>
      <sheetpath names="/CM4 GPIO/" tstamps="/fc4c71a5-1008-4ac4-98db-57c838c57d91/"/>
      <tstamp>3016daa6-660f-43f1-af68-4db874e053a7</tstamp>
    </comp>
    <comp ref="R4">
      <value>5.1k</value>
      <footprint>Resistor_SMD:R_0603_1608Metric_Pad0.98x0.95mm_HandSolder</footprint>
      <datasheet>~</datasheet>
      <fields>
        <field name="Digi-Key_PN">311-5.10KHRCT-ND</field>
        <field name="MPN">RC0603FR-075K1L</field>
        <field name="Manufacturer">Yageo</field>
      </fields>
      <libsource lib="Device" part="R" description="Resistor"/>
      <property name="Manufacturer" value="Yageo"/>
      <property name="MPN" value="RC0603FR-075K1L"/>
      <property name="Digi-Key_PN" value="311-5.10KHRCT-ND"/>
      <property name="Sheet name" value="CM4 GPIO"/>
      <property name="Sheet file" value="cm4-gpio.kicad_sch"/>
      <sheetpath names="/CM4 GPIO/" tstamps="/fc4c71a5-1008-4ac4-98db-57c838c57d91/"/>
      <tstamp>e581bea2-a554-4309-85f8-e6e0ce07520c</tstamp>
    </comp>
    <comp ref="R5">
      <value>DNP</value>
      <footprint>Resistor_SMD:R_0603_1608Metric_Pad0.98x0.95mm_HandSolder</footprint>
      <datasheet>~</datasheet>
      <libsource lib="Device" part="R" description="Resistor"/>
      <property name="Sheet name" value="CM4 GPIO"/>
      <property name="Sheet file" value="cm4-gpio.kicad_sch"/>
      <sheetpath names="/CM4 GPIO/" tstamps="/fc4c71a5-1008-4ac4-98db-57c838c57d91/"/>
      <tstamp>9fa4a072-daf1-4573-89c6-c642e3ab4abe</tstamp>
    </comp>
    <comp ref="R6">
      <value>1k</value>
      <footprint>Resistor_SMD:R_0603_1608Metric_Pad0.98x0.95mm_HandSolder</footprint>
      <datasheet>~</datasheet>
      <fields>
        <field name="Digi-Key_PN">311-1.00KHRCT-ND</field>
        <field name="MPN">RC0603FR-071KL</field>
        <field name="Manufacturer">Yageo</field>
      </fields>
      <libsource lib="Device" part="R" description="Resistor"/>
      <property name="Manufacturer" value="Yageo"/>
      <property name="MPN" value="RC0603FR-071KL"/>
      <property name="Digi-Key_PN" value="311-1.00KHRCT-ND"/>
      <property name="Sheet name" value="CM4 GPIO"/>
      <property name="Sheet file" value="cm4-gpio.kicad_sch"/>
      <sheetpath names="/CM4 GPIO/" tstamps="/fc4c71a5-1008-4ac4-98db-57c838c57d91/"/>
      <tstamp>d38ddb23-f9c2-4a28-9fd8-d1fffee189f7</tstamp>
    </comp>
    <comp ref="U1">
      <value>74LVC1G07SE-7</value>
      <footprint>Package_TO_SOT_SMD:SOT-353_SC-70-5</footprint>
      <datasheet>http://www.ti.com/lit/sg/scyt129e/scyt129e.pdf</datasheet>
      <fields>
        <field name="Digi-Key_PN">74LVC1G07SE-7DICT-ND</field>
        <field name="MPN">74LVC1G07SE-7</field>
        <field name="Manufacturer">Diodes Incorporated</field>
        <field name="Part Description">Buffer, Non-Inverting 1 Element 1 Bit per Element Open Drain Output SOT-353</field>
      </fields>
      <libsource lib="CM4IO" part="74LVC1G07_copy" description="Single Buffer Gate w/ Open Drain, Low-Voltage CMOS"/>
      <property name="Part Description" value="Buffer, Non-Inverting 1 Element 1 Bit per Element Open Drain Output SOT-353"/>
      <property name="Manufacturer" value="Diodes Incorporated"/>
      <property name="MPN" value="74LVC1G07SE-7"/>
      <property name="Digi-Key_PN" value="74LVC1G07SE-7DICT-ND"/>
      <property name="Sheet name" value="CM4 GPIO"/>
      <property name="Sheet file" value="cm4-gpio.kicad_sch"/>
      <sheetpath names="/CM4 GPIO/" tstamps="/fc4c71a5-1008-4ac4-98db-57c838c57d91/"/>
      <tstamp>862be61d-8399-4948-a564-2f01d5cb5b7a</tstamp>
    </comp>
    <comp ref="J4">
      <value>USB_OTG</value>
      <footprint>CM4IO:USB_Micro-B_EDAC_UCON00686</footprint>
      <datasheet> ~</datasheet>
      <fields>
        <field name="Digi-Key_PN">609-4050-1-ND</field>
        <field name="MPN">10103594-0001LF</field>
        <field name="Manufacturer">Amphenol ICC (FCI)</field>
      </fields>
      <libsource lib="Connector" part="USB_OTG" description="USB mini/micro connector"/>
      <property name="Manufacturer" value="Amphenol ICC (FCI)"/>
      <property name="MPN" value="10103594-0001LF"/>
      <property name="Digi-Key_PN" value="609-4050-1-ND"/>
      <property name="Sheet name" value="CM4 High Speed"/>
      <property name="Sheet file" value="cm4-high-speed.kicad_sch"/>
      <sheetpath names="/CM4 High Speed/" tstamps="/caa71f4c-454d-4ac9-b287-456eafb34991/"/>
      <tstamp>400cdc36-083c-4c59-a2cd-106a6a90acd8</tstamp>
    </comp>
    <comp ref="R7">
      <value>2.2K 1%</value>
      <footprint>Resistor_SMD:R_0603_1608Metric_Pad0.98x0.95mm_HandSolder</footprint>
      <datasheet>~</datasheet>
      <fields>
        <field name="Digi-Key_PN">311-2.20KHRCT-ND</field>
        <field name="MPN">RC0603FR-072K2L</field>
        <field name="Manufacturer">Yageo</field>
      </fields>
      <libsource lib="Device" part="R" description="Resistor"/>
      <property name="Manufacturer" value="Yageo"/>
      <property name="MPN" value="RC0603FR-072K2L"/>
      <property name="Digi-Key_PN" value="311-2.20KHRCT-ND"/>
      <property name="Sheet name" value="CM4 High Speed"/>
      <property name="Sheet file" value="cm4-high-speed.kicad_sch"/>
      <sheetpath names="/CM4 High Speed/" tstamps="/caa71f4c-454d-4ac9-b287-456eafb34991/"/>
      <tstamp>f98e44b3-cc4b-4d36-9b5b-fc739b8abd51</tstamp>
    </comp>
    <comp ref="R8">
      <value>2.2K 1%</value>
      <footprint>Resistor_SMD:R_0603_1608Metric_Pad0.98x0.95mm_HandSolder</footprint>
      <datasheet>~</datasheet>
      <fields>
        <field name="Digi-Key_PN">311-2.20KHRCT-ND</field>
        <field name="MPN">RC0603FR-072K2L</field>
        <field name="Manufacturer">Yageo</field>
      </fields>
      <libsource lib="Device" part="R" description="Resistor"/>
      <property name="Manufacturer" value="Yageo"/>
      <property name="MPN" value="RC0603FR-072K2L"/>
      <property name="Digi-Key_PN" value="311-2.20KHRCT-ND"/>
      <property name="Sheet name" value="CM4 High Speed"/>
      <property name="Sheet file" value="cm4-high-speed.kicad_sch"/>
      <sheetpath names="/CM4 High Speed/" tstamps="/caa71f4c-454d-4ac9-b287-456eafb34991/"/>
      <tstamp>15a5dee6-171f-49e5-8d5e-d81e1c56a58d</tstamp>
    </comp>
    <comp ref="U2">
      <value>TPD2EUSB30</value>
      <footprint>Package_TO_SOT_SMD:Texas_DRT-3</footprint>
      <datasheet>http://www.ti.com/lit/ds/symlink/tpd2eusb30a.pdf</datasheet>
      <fields>
        <field name="Digi-Key_PN">296-25509-1-ND</field>
        <field name="MPN">TPD2EUSB30DRTR</field>
        <field name="Manufacturer">Texas Instruments</field>
      </fields>
      <libsource lib="Power_Protection" part="TPD2EUSB30" description="2-Channel ESD Protection for Super-Speed USB 3.0 Interface, DRT-3"/>
      <property name="Manufacturer" value="Texas Instruments"/>
      <property name="MPN" value="TPD2EUSB30DRTR"/>
      <property name="Digi-Key_PN" value="296-25509-1-ND"/>
      <property name="Sheet name" value="CM4 High Speed"/>
      <property name="Sheet file" value="cm4-high-speed.kicad_sch"/>
      <sheetpath names="/CM4 High Speed/" tstamps="/caa71f4c-454d-4ac9-b287-456eafb34991/"/>
      <tstamp>25c200c8-8d48-421b-ac68-c53b8df4e956</tstamp>
    </comp>
  </components>
  <libparts>
    <libpart lib="2020-11-06_22-01-36" part="SMBJ5.0A-TR">
      <footprints>
        <fp>SMB_STM</fp>
        <fp>SMB_STM-M</fp>
        <fp>SMB_STM-L</fp>
      </footprints>
      <fields>
        <field name="Reference">CR</field>
        <field name="Value">SMBJ5.0A-TR</field>
        <field name="Footprint">SMB_STM</field>
      </fields>
      <pins>
        <pin num="1" name="1" type="unspc"/>
        <pin num="2" name="2" type="unspc"/>
      </pins>
    </libpart>
    <libpart lib="CM4IO" part="74LVC1G07_copy">
      <description>Single Buffer Gate w/ Open Drain, Low-Voltage CMOS</description>
      <docs>http://www.ti.com/lit/sg/scyt129e/scyt129e.pdf</docs>
      <footprints>
        <fp>SOT*</fp>
        <fp>SG-*</fp>
      </footprints>
      <fields>
        <field name="Reference">U</field>
        <field name="Value">74LVC1G07_copy</field>
        <field name="Footprint">Package_TO_SOT_SMD:SOT-353_SC-70-5</field>
        <field name="Datasheet">http://www.ti.com/lit/sg/scyt129e/scyt129e.pdf</field>
      </fields>
      <pins>
        <pin num="2" name="~" type="input"/>
        <pin num="3" name="GND" type="power_in"/>
        <pin num="4" name="~" type="openCol"/>
        <pin num="5" name="VCC" type="power_in"/>
      </pins>
    </libpart>
    <libpart lib="CM4IO" part="ComputeModule4-CM4">
      <fields>
        <field name="Reference">Module</field>
        <field name="Value">ComputeModule4-CM4</field>
        <field name="Footprint">CM4IO:Raspberry-Pi-4-Compute-Module</field>
        <field name="Manufacturer">Hirose</field>
        <field name="MPN">2x DF40C-100DS-0.4V</field>
        <field name="MPN (Alt)">2x DF40HC(3.0)-100DS-0.4V</field>
        <field name="Digi-Key_PN">2x H11615CT-ND</field>
        <field name="Digi-Key_PN (Alt)">2x H124602CT-ND</field>
      </fields>
      <pins>
        <pin num="1" name="GND" type="power_in"/>
        <pin num="2" name="GND" type="power_in"/>
        <pin num="3" name="Ethernet_Pair3_P" type="passive"/>
        <pin num="4" name="Ethernet_Pair1_P" type="passive"/>
        <pin num="5" name="Ethernet_Pair3_N" type="passive"/>
        <pin num="6" name="Ethernet_Pair1_N" type="passive"/>
        <pin num="7" name="GND" type="power_in"/>
        <pin num="8" name="GND" type="power_in"/>
        <pin num="9" name="Ethernet_Pair2_N" type="passive"/>
        <pin num="10" name="Ethernet_Pair0_N" type="passive"/>
        <pin num="11" name="Ethernet_Pair2_P" type="passive"/>
        <pin num="12" name="Ethernet_Pair0_P" type="passive"/>
        <pin num="13" name="GND" type="power_in"/>
        <pin num="14" name="GND" type="power_in"/>
        <pin num="15" name="Ethernet_nLED3(3.3v)" type="output"/>
        <pin num="16" name="Ethernet_SYNC_IN(1.8v)" type="input"/>
        <pin num="17" name="Ethernet_nLED2(3.3v)" type="output"/>
        <pin num="18" name="Ethernet_SYNC_OUT(1.8v)" type="input"/>
        <pin num="19" name="Ethernet_nLED1(3.3v)" type="output"/>
        <pin num="20" name="EEPROM_nWP" type="passive"/>
        <pin num="21" name="PI_nLED_Activity" type="openCol"/>
        <pin num="22" name="GND" type="power_in"/>
        <pin num="23" name="GND" type="power_in"/>
        <pin num="24" name="GPIO26" type="passive"/>
        <pin num="25" name="GPIO21" type="passive"/>
        <pin num="26" name="GPIO19" type="passive"/>
        <pin num="27" name="GPIO20" type="passive"/>
        <pin num="28" name="GPIO13" type="passive"/>
        <pin num="29" name="GPIO16" type="passive"/>
        <pin num="30" name="GPIO6" type="passive"/>
        <pin num="31" name="GPIO12" type="passive"/>
        <pin num="32" name="GND" type="power_in"/>
        <pin num="33" name="GND" type="power_in"/>
        <pin num="34" name="GPIO5" type="passive"/>
        <pin num="35" name="ID_SC" type="passive"/>
        <pin num="36" name="ID_SD" type="passive"/>
        <pin num="37" name="GPIO7" type="passive"/>
        <pin num="38" name="GPIO11" type="passive"/>
        <pin num="39" name="GPIO8" type="passive"/>
        <pin num="40" name="GPIO9" type="passive"/>
        <pin num="41" name="GPIO25" type="passive"/>
        <pin num="42" name="GND" type="power_in"/>
        <pin num="43" name="GND" type="power_in"/>
        <pin num="44" name="GPIO10" type="passive"/>
        <pin num="45" name="GPIO24" type="passive"/>
        <pin num="46" name="GPIO22" type="passive"/>
        <pin num="47" name="GPIO23" type="passive"/>
        <pin num="48" name="GPIO27" type="passive"/>
        <pin num="49" name="GPIO18" type="passive"/>
        <pin num="50" name="GPIO17" type="passive"/>
        <pin num="51" name="GPIO15" type="passive"/>
        <pin num="52" name="GND" type="power_in"/>
        <pin num="53" name="GND" type="power_in"/>
        <pin num="54" name="GPIO4" type="passive"/>
        <pin num="55" name="GPIO14" type="passive"/>
        <pin num="56" name="GPIO3" type="passive"/>
        <pin num="57" name="SD_CLK" type="passive"/>
        <pin num="58" name="GPIO2" type="passive"/>
        <pin num="59" name="GND" type="power_in"/>
        <pin num="60" name="GND" type="power_in"/>
        <pin num="61" name="SD_DAT3" type="passive"/>
        <pin num="62" name="SD_CMD" type="passive"/>
        <pin num="63" name="SD_DAT0" type="passive"/>
        <pin num="64" name="SD_DAT5" type="passive"/>
        <pin num="65" name="GND" type="power_in"/>
        <pin num="66" name="GND" type="power_in"/>
        <pin num="67" name="SD_DAT1" type="passive"/>
        <pin num="68" name="SD_DAT4" type="passive"/>
        <pin num="69" name="SD_DAT2" type="passive"/>
        <pin num="70" name="SD_DAT7" type="passive"/>
        <pin num="71" name="GND" type="power_in"/>
        <pin num="72" name="SD_DAT6" type="passive"/>
        <pin num="73" name="SD_VDD_Override" type="input"/>
        <pin num="74" name="GND" type="power_in"/>
        <pin num="75" name="SD_PWR_ON" type="output"/>
        <pin num="76" name="Reserved" type="passive"/>
        <pin num="77" name="+5v_(Input)" type="power_in"/>
        <pin num="78" name="GPIO_VREF(1.8v/3.3v_Input)" type="power_in"/>
        <pin num="79" name="+5v_(Input)" type="power_in"/>
        <pin num="80" name="SCL0" type="passive"/>
        <pin num="81" name="+5v_(Input)" type="power_in"/>
        <pin num="82" name="SDA0" type="passive"/>
        <pin num="83" name="+5v_(Input)" type="power_in"/>
        <pin num="84" name="+3.3v_(Output)" type="power_out"/>
        <pin num="85" name="+5v_(Input)" type="power_in"/>
        <pin num="86" name="+3.3v_(Output)" type="power_out"/>
        <pin num="87" name="+5v_(Input)" type="power_in"/>
        <pin num="88" name="+1.8v_(Output)" type="power_out"/>
        <pin num="89" name="WiFi_nDisable" type="power_in"/>
        <pin num="90" name="+1.8v_(Output)" type="power_out"/>
        <pin num="91" name="BT_nDisable" type="power_in"/>
        <pin num="92" name="RUN_PG" type="passive"/>
        <pin num="93" name="nRPIBOOT" type="input"/>
        <pin num="94" name="AnalogIP0" type="passive"/>
        <pin num="95" name="nPI_LED_PWR" type="output"/>
        <pin num="96" name="AnalogIP1" type="passive"/>
        <pin num="97" name="Camera_GPIO" type="passive"/>
        <pin num="98" name="GND" type="power_in"/>
        <pin num="99" name="Global_EN" type="input"/>
        <pin num="100" name="nEXTRST" type="output"/>
        <pin num="101" name="USB_OTG_ID" type="input"/>
        <pin num="102" name="PCIe_CLK_nREQ" type="input"/>
        <pin num="103" name="USB2_N" type="passive"/>
        <pin num="104" name="Reserved" type="passive"/>
        <pin num="105" name="USB2_P" type="passive"/>
        <pin num="106" name="Reserved" type="passive"/>
        <pin num="107" name="GND" type="power_in"/>
        <pin num="108" name="GND" type="power_in"/>
        <pin num="109" name="PCIe_nRST" type="BiDi"/>
        <pin num="110" name="PCIe_CLK_P" type="output"/>
        <pin num="111" name="VDAC_COMP" type="passive"/>
        <pin num="112" name="PCIe_CLK_N" type="output"/>
        <pin num="113" name="GND" type="power_in"/>
        <pin num="114" name="GND" type="power_in"/>
        <pin num="115" name="CAM1_D0_N" type="input"/>
        <pin num="116" name="PCIe_RX_P" type="input"/>
        <pin num="117" name="CAM1_D0_P" type="input"/>
        <pin num="118" name="PCIe_RX_N" type="input"/>
        <pin num="119" name="GND" type="power_in"/>
        <pin num="120" name="GND" type="power_in"/>
        <pin num="121" name="CAM1_D1_N" type="input"/>
        <pin num="122" name="PCIe_TX_P" type="output"/>
        <pin num="123" name="CAM1_D1_P" type="input"/>
        <pin num="124" name="PCIe_TX_N" type="output"/>
        <pin num="125" name="GND" type="power_in"/>
        <pin num="126" name="GND" type="power_in"/>
        <pin num="127" name="CAM1_C_N" type="input"/>
        <pin num="128" name="CAM0_D0_N" type="input"/>
        <pin num="129" name="CAM1_C_P" type="input"/>
        <pin num="130" name="CAM0_D0_P" type="input"/>
        <pin num="131" name="GND" type="power_in"/>
        <pin num="132" name="GND" type="power_in"/>
        <pin num="133" name="CAM1_D2_N" type="input"/>
        <pin num="134" name="CAM0_D1_N" type="input"/>
        <pin num="135" name="CAM1_D2_P" type="input"/>
        <pin num="136" name="CAM0_D1_P" type="input"/>
        <pin num="137" name="GND" type="power_in"/>
        <pin num="138" name="GND" type="power_in"/>
        <pin num="139" name="CAM1_D3_N" type="input"/>
        <pin num="140" name="CAM0_C_N" type="input"/>
        <pin num="141" name="CAM1_D3_P" type="input"/>
        <pin num="142" name="CAM0_C_P" type="input"/>
        <pin num="143" name="HDMI1_HOTPLUG" type="input"/>
        <pin num="144" name="GND" type="power_in"/>
        <pin num="145" name="HDMI1_SDA" type="BiDi"/>
        <pin num="146" name="HDMI1_TX2_P" type="output"/>
        <pin num="147" name="HDMI1_SCL" type="openCol"/>
        <pin num="148" name="HDMI1_TX2_N" type="output"/>
        <pin num="149" name="HDMI1_CEC" type="openCol"/>
        <pin num="150" name="GND" type="power_in"/>
        <pin num="151" name="HDMI0_CEC" type="openCol"/>
        <pin num="152" name="HDMI1_TX1_P" type="output"/>
        <pin num="153" name="HDMI0_HOTPLUG" type="input"/>
        <pin num="154" name="HDMI1_TX1_N" type="output"/>
        <pin num="155" name="GND" type="power_in"/>
        <pin num="156" name="GND" type="power_in"/>
        <pin num="157" name="DSI0_D0_N" type="output"/>
        <pin num="158" name="HDMI1_TX0_P" type="output"/>
        <pin num="159" name="DSI0_D0_P" type="output"/>
        <pin num="160" name="HDMI1_TX0_N" type="output"/>
        <pin num="161" name="GND" type="power_in"/>
        <pin num="162" name="GND" type="power_in"/>
        <pin num="163" name="DSI0_D1_N" type="output"/>
        <pin num="164" name="HDMI1_CLK_P" type="output"/>
        <pin num="165" name="DSI0_D1_P" type="output"/>
        <pin num="166" name="HDMI1_CLK_N" type="output"/>
        <pin num="167" name="GND" type="power_in"/>
        <pin num="168" name="GND" type="power_in"/>
        <pin num="169" name="DSI0_C_N" type="output"/>
        <pin num="170" name="HDMI0_TX2_P" type="output"/>
        <pin num="171" name="DSI0_C_P" type="output"/>
        <pin num="172" name="HDMI0_TX2_N" type="output"/>
        <pin num="173" name="GND" type="power_in"/>
        <pin num="174" name="GND" type="power_in"/>
        <pin num="175" name="DSI1_D0_N" type="output"/>
        <pin num="176" name="HDMI0_TX1_P" type="output"/>
        <pin num="177" name="DSI1_D0_P" type="output"/>
        <pin num="178" name="HDMI0_TX1_N" type="output"/>
        <pin num="179" name="GND" type="power_in"/>
        <pin num="180" name="GND" type="power_in"/>
        <pin num="181" name="DSI1_D1_N" type="output"/>
        <pin num="182" name="HDMI0_TX0_P" type="output"/>
        <pin num="183" name="DSI1_D1_P" type="output"/>
        <pin num="184" name="HDMI0_TX0_N" type="output"/>
        <pin num="185" name="GND" type="power_in"/>
        <pin num="186" name="GND" type="power_in"/>
        <pin num="187" name="DSI1_C_N" type="output"/>
        <pin num="188" name="HDMI0_CLK_P" type="output"/>
        <pin num="189" name="DSI1_C_P" type="output"/>
        <pin num="190" name="HDMI0_CLK_N" type="output"/>
        <pin num="191" name="GND" type="power_in"/>
        <pin num="192" name="GND" type="power_in"/>
        <pin num="193" name="DSI1_D2_N" type="output"/>
        <pin num="194" name="DSI1_D3_N" type="output"/>
        <pin num="195" name="DSI1_D2_P" type="output"/>
        <pin num="196" name="DSI1_D3_P" type="output"/>
        <pin num="197" name="GND" type="power_in"/>
        <pin num="198" name="GND" type="power_in"/>
        <pin num="199" name="HDMI0_SDA" type="BiDi"/>
        <pin num="200" name="HDMI0_SCL" type="openCol"/>
      </pins>
    </libpart>
    <libpart lib="Connector" part="USB_OTG">
      <description>USB mini/micro connector</description>
      <docs> ~</docs>
      <footprints>
        <fp>USB*</fp>
      </footprints>
      <fields>
        <field name="Reference">J</field>
        <field name="Value">USB_OTG</field>
        <field name="Datasheet"> ~</field>
      </fields>
      <pins>
        <pin num="1" name="VBUS" type="passive"/>
        <pin num="2" name="D-" type="BiDi"/>
        <pin num="3" name="D+" type="BiDi"/>
        <pin num="4" name="ID" type="passive"/>
        <pin num="5" name="GND" type="passive"/>
        <pin num="6" name="Shield" type="passive"/>
      </pins>
    </libpart>
    <libpart lib="Connector_Generic" part="Conn_01x10">
      <description>Generic connector, single row, 01x10, script generated (kicad-library-utils/schlib/autogen/connector/)</description>
      <docs>~</docs>
      <footprints>
        <fp>Connector*:*_1x??_*</fp>
      </footprints>
      <fields>
        <field name="Reference">J</field>
        <field name="Value">Conn_01x10</field>
        <field name="Datasheet">~</field>
      </fields>
      <pins>
        <pin num="1" name="Pin_1" type="passive"/>
        <pin num="2" name="Pin_2" type="passive"/>
        <pin num="3" name="Pin_3" type="passive"/>
        <pin num="4" name="Pin_4" type="passive"/>
        <pin num="5" name="Pin_5" type="passive"/>
        <pin num="6" name="Pin_6" type="passive"/>
        <pin num="7" name="Pin_7" type="passive"/>
        <pin num="8" name="Pin_8" type="passive"/>
        <pin num="9" name="Pin_9" type="passive"/>
        <pin num="10" name="Pin_10" type="passive"/>
      </pins>
    </libpart>
    <libpart lib="Device" part="LED">
      <description>Light emitting diode</description>
      <docs>~</docs>
      <footprints>
        <fp>LED*</fp>
        <fp>LED_SMD:*</fp>
        <fp>LED_THT:*</fp>
      </footprints>
      <fields>
        <field name="Reference">D</field>
        <field name="Value">LED</field>
        <field name="Datasheet">~</field>
      </fields>
      <pins>
        <pin num="1" name="K" type="passive"/>
        <pin num="2" name="A" type="passive"/>
      </pins>
    </libpart>
    <libpart lib="Device" part="R">
      <description>Resistor</description>
      <docs>~</docs>
      <footprints>
        <fp>R_*</fp>
      </footprints>
      <fields>
        <field name="Reference">R</field>
        <field name="Value">R</field>
        <field name="Datasheet">~</field>
      </fields>
      <pins>
        <pin num="1" name="~" type="passive"/>
        <pin num="2" name="~" type="passive"/>
      </pins>
    </libpart>
    <libpart lib="Jumper" part="SolderJumper_2_Open">
      <description>Solder Jumper, 2-pole, open</description>
      <docs>~</docs>
      <footprints>
        <fp>SolderJumper*Open*</fp>
      </footprints>
      <fields>
        <field name="Reference">JP</field>
        <field name="Value">SolderJumper_2_Open</field>
        <field name="Datasheet">~</field>
      </fields>
      <pins>
        <pin num="1" name="A" type="passive"/>
        <pin num="2" name="B" type="passive"/>
      </pins>
    </libpart>
    <libpart lib="Power_Protection" part="TPD2EUSB30">
      <description>2-Channel ESD Protection for Super-Speed USB 3.0 Interface, DRT-3</description>
      <docs>http://www.ti.com/lit/ds/symlink/tpd2eusb30a.pdf</docs>
      <footprints>
        <fp>Texas*DRT*</fp>
      </footprints>
      <fields>
        <field name="Reference">U</field>
        <field name="Value">TPD2EUSB30</field>
        <field name="Footprint">Package_TO_SOT_SMD:Texas_DRT-3</field>
        <field name="Datasheet">http://www.ti.com/lit/ds/symlink/tpd2eusb30a.pdf</field>
      </fields>
      <pins>
        <pin num="1" name="D+" type="passive"/>
        <pin num="2" name="D-" type="passive"/>
        <pin num="3" name="GND" type="passive"/>
      </pins>
    </libpart>
    <libpart lib="SM04B-SRSS-TB_LF__SN_" part="SM04B-SRSS-TB(LF)(SN)">
      <fields>
        <field name="Reference">J</field>
        <field name="Value">SM04B-SRSS-TB(LF)(SN)</field>
        <field name="Footprint">JST_SM04B-SRSS-TB(LF)(SN)</field>
        <field name="STANDARD">Manufacturer recommendations</field>
        <field name="MANUFACTURER">JST</field>
      </fields>
      <pins>
        <pin num="1" name="1" type="passive"/>
        <pin num="2" name="2" type="passive"/>
        <pin num="3" name="3" type="passive"/>
        <pin num="4" name="4" type="passive"/>
        <pin num="S1" name="SHIELD" type="passive"/>
        <pin num="S2" name="SHIELD" type="passive"/>
      </pins>
    </libpart>
    <libpart lib="USB4105-GF-A" part="USB4105-GF-A">
      <fields>
        <field name="Reference">J</field>
        <field name="Value">USB4105-GF-A</field>
        <field name="Footprint">GCT_USB4105-GF-A</field>
        <field name="AVAILABILITY">Unavailable</field>
        <field name="DESCRIPTION">USB - C _Type - C_ USB 2.0 Receptacle Connector 24 Position Surface Mount, Right Angle; Through Hole</field>
        <field name="PRICE">None</field>
        <field name="MP">USB4105</field>
        <field name="MF">Global Connector Technology</field>
        <field name="PACKAGE">Package Analog Devices</field>
      </fields>
      <pins>
        <pin num="A5" name="CC1" type="BiDi"/>
        <pin num="A6" name="DP1" type="BiDi"/>
        <pin num="A7" name="DN1" type="BiDi"/>
        <pin num="A8" name="SBU1" type="BiDi"/>
        <pin num="A1/B12" name="GND" type="power_in"/>
        <pin num="A4/B9" name="VBUS" type="power_in"/>
        <pin num="B5" name="CC2" type="BiDi"/>
        <pin num="B6" name="DP2" type="BiDi"/>
        <pin num="B7" name="DN2" type="BiDi"/>
        <pin num="B8" name="SBU2" type="BiDi"/>
        <pin num="B1/A12" name="GND" type="power_in"/>
        <pin num="B4/A9" name="VBUS" type="power_in"/>
        <pin num="G1" name="GND" type="power_in"/>
        <pin num="G2" name="GND" type="power_in"/>
        <pin num="G3" name="GND" type="power_in"/>
        <pin num="G4" name="GND" type="power_in"/>
      </pins>
    </libpart>
  </libparts>
  <libraries>
    <library logical="2020-11-06_22-01-36">
      <uri>C:/Users/sgmustadio/Documents/GitHub/rpi-cm4-base-carrier/hardware/libraries/2020-11-06_22-01-36/2020-11-06_22-01-36.lib</uri>
    </library>
    <library logical="CM4IO">
      <uri>C:/Users/sgmustadio/Documents/GitHub/rpi-cm4-carrier-template/hardware/libraries/CM4IO/CM4IO.kicad_sym</uri>
    </library>
    <library logical="Connector">
      <uri>C:\Program Files\KiCad\share\kicad\library/Connector.kicad_sym</uri>
    </library>
    <library logical="Connector_Generic">
      <uri>C:\Program Files\KiCad\share\kicad\library/Connector_Generic.kicad_sym</uri>
    </library>
    <library logical="Device">
      <uri>C:\Program Files\KiCad\share\kicad\library/Device.kicad_sym</uri>
    </library>
    <library logical="Jumper">
      <uri>C:\Program Files\KiCad\share\kicad\library/Jumper.kicad_sym</uri>
    </library>
    <library logical="Power_Protection">
      <uri>C:\Program Files\KiCad\share\kicad\library/Power_Protection.kicad_sym</uri>
    </library>
    <library logical="SM04B-SRSS-TB_LF__SN_">
      <uri>C:/Users/sgmustadio/Documents/GitHub/rpi-cm4-base-carrier/hardware/libraries/SM04B-SRSS-TB_LF__SN_/SM04B-SRSS-TB_LF__SN_.lib</uri>
    </library>
    <library logical="USB4105-GF-A">
      <uri>C:/Users/sgmustadio/Documents/GitHub/rpi-cm4-base-carrier/hardware/libraries/USB4105-GF-A/USB4105-GF-A.lib</uri>
    </library>
  </libraries>
  <nets>
    <net code="1" name="+1.8V">
      <node ref="Module1" pin="88" pinfunction="+1.8v_(Output)"/>
      <node ref="Module1" pin="90" pinfunction="+1.8v_(Output)"/>
    </net>
    <net code="2" name="+3.3V">
      <node ref="D1" pin="2" pinfunction="A"/>
      <node ref="D2" pin="2" pinfunction="A"/>
      <node ref="J1" pin="1" pinfunction="Pin_1"/>
      <node ref="J3" pin="2" pinfunction="2"/>
      <node ref="Module1" pin="78" pinfunction="GPIO_VREF(1.8v/3.3v_Input)"/>
      <node ref="Module1" pin="84" pinfunction="+3.3v_(Output)"/>
      <node ref="Module1" pin="86" pinfunction="+3.3v_(Output)"/>
      <node ref="R3" pin="1"/>
      <node ref="R5" pin="1"/>
      <node ref="U1" pin="5" pinfunction="VCC"/>
    </net>
    <net code="3" name="+5V">
      <node ref="CR1" pin="1" pinfunction="1"/>
      <node ref="J2" pin="A4/B9" pinfunction="VBUS"/>
      <node ref="J2" pin="B4/A9" pinfunction="VBUS"/>
      <node ref="Module1" pin="77" pinfunction="+5v_(Input)"/>
      <node ref="Module1" pin="79" pinfunction="+5v_(Input)"/>
      <node ref="Module1" pin="81" pinfunction="+5v_(Input)"/>
      <node ref="Module1" pin="83" pinfunction="+5v_(Input)"/>
      <node ref="Module1" pin="85" pinfunction="+5v_(Input)"/>
      <node ref="Module1" pin="87" pinfunction="+5v_(Input)"/>
    </net>
    <net code="4" name="/CM4 GPIO/EEPROM_nWP">
      <node ref="JP1" pin="1" pinfunction="A"/>
      <node ref="Module1" pin="20" pinfunction="EEPROM_nWP"/>
    </net>
    <net code="5" name="/CM4 GPIO/GPIO10">
      <node ref="J1" pin="5" pinfunction="Pin_5"/>
      <node ref="Module1" pin="44" pinfunction="GPIO10"/>
    </net>
    <net code="6" name="/CM4 GPIO/GPIO11">
      <node ref="J1" pin="7" pinfunction="Pin_7"/>
      <node ref="Module1" pin="38" pinfunction="GPIO11"/>
    </net>
    <net code="7" name="/CM4 GPIO/GPIO14">
      <node ref="J1" pin="3" pinfunction="Pin_3"/>
      <node ref="Module1" pin="55" pinfunction="GPIO14"/>
    </net>
    <net code="8" name="/CM4 GPIO/GPIO15">
      <node ref="J1" pin="4" pinfunction="Pin_4"/>
      <node ref="Module1" pin="51" pinfunction="GPIO15"/>
    </net>
    <net code="9" name="/CM4 GPIO/GPIO2">
      <node ref="J3" pin="3" pinfunction="3"/>
      <node ref="Module1" pin="58" pinfunction="GPIO2"/>
      <node ref="R3" pin="2"/>
    </net>
    <net code="10" name="/CM4 GPIO/GPIO3">
      <node ref="J3" pin="4" pinfunction="4"/>
      <node ref="Module1" pin="56" pinfunction="GPIO3"/>
      <node ref="R5" pin="2"/>
    </net>
    <net code="11" name="/CM4 GPIO/GPIO7">
      <node ref="J1" pin="9" pinfunction="Pin_9"/>
      <node ref="Module1" pin="37" pinfunction="GPIO7"/>
    </net>
    <net code="12" name="/CM4 GPIO/GPIO8">
      <node ref="J1" pin="8" pinfunction="Pin_8"/>
      <node ref="Module1" pin="39" pinfunction="GPIO8"/>
    </net>
    <net code="13" name="/CM4 GPIO/GPIO9">
      <node ref="J1" pin="6" pinfunction="Pin_6"/>
      <node ref="Module1" pin="40" pinfunction="GPIO9"/>
    </net>
    <net code="14" name="/CM4 GPIO/nLED_Activity">
      <node ref="Module1" pin="21" pinfunction="PI_nLED_Activity"/>
      <node ref="R2" pin="2"/>
    </net>
    <net code="15" name="/CM4 GPIO/nPWR_LED">
      <node ref="Module1" pin="95" pinfunction="nPI_LED_PWR"/>
      <node ref="U1" pin="2"/>
    </net>
    <net code="16" name="/CM4 GPIO/nRPIBOOT">
      <node ref="J1" pin="10" pinfunction="Pin_10"/>
      <node ref="Module1" pin="93" pinfunction="nRPIBOOT"/>
    </net>
    <net code="17" name="/CM4 High Speed/USB2_N">
      <node ref="J4" pin="2" pinfunction="D-"/>
      <node ref="Module1" pin="103" pinfunction="USB2_N"/>
      <node ref="U2" pin="2" pinfunction="D-"/>
    </net>
    <net code="18" name="/CM4 High Speed/USB2_P">
      <node ref="J4" pin="3" pinfunction="D+"/>
      <node ref="Module1" pin="105" pinfunction="USB2_P"/>
      <node ref="U2" pin="1" pinfunction="D+"/>
    </net>
    <net code="19" name="/CM4 High Speed/USB_OTG_ID">
      <node ref="Module1" pin="101" pinfunction="USB_OTG_ID"/>
      <node ref="R7" pin="2"/>
      <node ref="R8" pin="1"/>
    </net>
    <net code="20" name="GND">
      <node ref="CR1" pin="2" pinfunction="2"/>
      <node ref="J1" pin="2" pinfunction="Pin_2"/>
      <node ref="J2" pin="A1/B12" pinfunction="GND"/>
      <node ref="J2" pin="B1/A12" pinfunction="GND"/>
      <node ref="J2" pin="G1" pinfunction="GND"/>
      <node ref="J2" pin="G2" pinfunction="GND"/>
      <node ref="J2" pin="G3" pinfunction="GND"/>
      <node ref="J2" pin="G4" pinfunction="GND"/>
      <node ref="J3" pin="1" pinfunction="1"/>
      <node ref="J4" pin="5" pinfunction="GND"/>
      <node ref="J4" pin="6" pinfunction="Shield"/>
      <node ref="JP1" pin="2" pinfunction="B"/>
      <node ref="Module1" pin="1" pinfunction="GND"/>
      <node ref="Module1" pin="107" pinfunction="GND"/>
      <node ref="Module1" pin="108" pinfunction="GND"/>
      <node ref="Module1" pin="113" pinfunction="GND"/>
      <node ref="Module1" pin="114" pinfunction="GND"/>
      <node ref="Module1" pin="119" pinfunction="GND"/>
      <node ref="Module1" pin="120" pinfunction="GND"/>
      <node ref="Module1" pin="125" pinfunction="GND"/>
      <node ref="Module1" pin="126" pinfunction="GND"/>
      <node ref="Module1" pin="13" pinfunction="GND"/>
      <node ref="Module1" pin="131" pinfunction="GND"/>
      <node ref="Module1" pin="132" pinfunction="GND"/>
      <node ref="Module1" pin="137" pinfunction="GND"/>
      <node ref="Module1" pin="138" pinfunction="GND"/>
      <node ref="Module1" pin="14" pinfunction="GND"/>
      <node ref="Module1" pin="144" pinfunction="GND"/>
      <node ref="Module1" pin="150" pinfunction="GND"/>
      <node ref="Module1" pin="155" pinfunction="GND"/>
      <node ref="Module1" pin="156" pinfunction="GND"/>
      <node ref="Module1" pin="161" pinfunction="GND"/>
      <node ref="Module1" pin="162" pinfunction="GND"/>
      <node ref="Module1" pin="167" pinfunction="GND"/>
      <node ref="Module1" pin="168" pinfunction="GND"/>
      <node ref="Module1" pin="173" pinfunction="GND"/>
      <node ref="Module1" pin="174" pinfunction="GND"/>
      <node ref="Module1" pin="179" pinfunction="GND"/>
      <node ref="Module1" pin="180" pinfunction="GND"/>
      <node ref="Module1" pin="185" pinfunction="GND"/>
      <node ref="Module1" pin="186" pinfunction="GND"/>
      <node ref="Module1" pin="191" pinfunction="GND"/>
      <node ref="Module1" pin="192" pinfunction="GND"/>
      <node ref="Module1" pin="197" pinfunction="GND"/>
      <node ref="Module1" pin="198" pinfunction="GND"/>
      <node ref="Module1" pin="2" pinfunction="GND"/>
      <node ref="Module1" pin="22" pinfunction="GND"/>
      <node ref="Module1" pin="23" pinfunction="GND"/>
      <node ref="Module1" pin="32" pinfunction="GND"/>
      <node ref="Module1" pin="33" pinfunction="GND"/>
      <node ref="Module1" pin="42" pinfunction="GND"/>
      <node ref="Module1" pin="43" pinfunction="GND"/>
      <node ref="Module1" pin="52" pinfunction="GND"/>
      <node ref="Module1" pin="53" pinfunction="GND"/>
      <node ref="Module1" pin="59" pinfunction="GND"/>
      <node ref="Module1" pin="60" pinfunction="GND"/>
      <node ref="Module1" pin="65" pinfunction="GND"/>
      <node ref="Module1" pin="66" pinfunction="GND"/>
      <node ref="Module1" pin="7" pinfunction="GND"/>
      <node ref="Module1" pin="71" pinfunction="GND"/>
      <node ref="Module1" pin="74" pinfunction="GND"/>
      <node ref="Module1" pin="8" pinfunction="GND"/>
      <node ref="Module1" pin="98" pinfunction="GND"/>
      <node ref="R1" pin="2"/>
      <node ref="R4" pin="2"/>
      <node ref="R8" pin="2"/>
      <node ref="U1" pin="3" pinfunction="GND"/>
      <node ref="U2" pin="3" pinfunction="GND"/>
    </net>
    <net code="21" name="Net-(D1-Pad1)">
      <node ref="D1" pin="1" pinfunction="K"/>
      <node ref="R2" pin="1"/>
    </net>
    <net code="22" name="Net-(D2-Pad1)">
      <node ref="D2" pin="1" pinfunction="K"/>
      <node ref="R6" pin="1"/>
    </net>
    <net code="23" name="Net-(J2-PadA5)">
      <node ref="J2" pin="A5" pinfunction="CC1"/>
      <node ref="R1" pin="1"/>
    </net>
    <net code="24" name="Net-(J2-PadA6)">
      <node ref="J2" pin="A6" pinfunction="DP1"/>
    </net>
    <net code="25" name="Net-(J2-PadA7)">
      <node ref="J2" pin="A7" pinfunction="DN1"/>
    </net>
    <net code="26" name="Net-(J2-PadA8)">
      <node ref="J2" pin="A8" pinfunction="SBU1"/>
    </net>
    <net code="27" name="Net-(J2-PadB5)">
      <node ref="J2" pin="B5" pinfunction="CC2"/>
      <node ref="R4" pin="1"/>
    </net>
    <net code="28" name="Net-(J2-PadB6)">
      <node ref="J2" pin="B6" pinfunction="DP2"/>
    </net>
    <net code="29" name="Net-(J2-PadB7)">
      <node ref="J2" pin="B7" pinfunction="DN2"/>
    </net>
    <net code="30" name="Net-(J2-PadB8)">
      <node ref="J2" pin="B8" pinfunction="SBU2"/>
    </net>
    <net code="31" name="Net-(J3-PadS1)">
      <node ref="J3" pin="S1" pinfunction="SHIELD"/>
      <node ref="J3" pin="S2" pinfunction="SHIELD"/>
    </net>
    <net code="32" name="Net-(J4-Pad1)">
      <node ref="J4" pin="1" pinfunction="VBUS"/>
      <node ref="R7" pin="1"/>
    </net>
    <net code="33" name="Net-(J4-Pad4)">
      <node ref="J4" pin="4" pinfunction="ID"/>
    </net>
    <net code="34" name="Net-(Module1-Pad10)">
      <node ref="Module1" pin="10" pinfunction="Ethernet_Pair0_N"/>
    </net>
    <net code="35" name="Net-(Module1-Pad100)">
      <node ref="Module1" pin="100" pinfunction="nEXTRST"/>
    </net>
    <net code="36" name="Net-(Module1-Pad102)">
      <node ref="Module1" pin="102" pinfunction="PCIe_CLK_nREQ"/>
    </net>
    <net code="37" name="Net-(Module1-Pad104)">
      <node ref="Module1" pin="104" pinfunction="Reserved"/>
    </net>
    <net code="38" name="Net-(Module1-Pad106)">
      <node ref="Module1" pin="106" pinfunction="Reserved"/>
    </net>
    <net code="39" name="Net-(Module1-Pad109)">
      <node ref="Module1" pin="109" pinfunction="PCIe_nRST"/>
    </net>
    <net code="40" name="Net-(Module1-Pad11)">
      <node ref="Module1" pin="11" pinfunction="Ethernet_Pair2_P"/>
    </net>
    <net code="41" name="Net-(Module1-Pad110)">
      <node ref="Module1" pin="110" pinfunction="PCIe_CLK_P"/>
    </net>
    <net code="42" name="Net-(Module1-Pad111)">
      <node ref="Module1" pin="111" pinfunction="VDAC_COMP"/>
    </net>
    <net code="43" name="Net-(Module1-Pad112)">
      <node ref="Module1" pin="112" pinfunction="PCIe_CLK_N"/>
    </net>
    <net code="44" name="Net-(Module1-Pad115)">
      <node ref="Module1" pin="115" pinfunction="CAM1_D0_N"/>
    </net>
    <net code="45" name="Net-(Module1-Pad116)">
      <node ref="Module1" pin="116" pinfunction="PCIe_RX_P"/>
    </net>
    <net code="46" name="Net-(Module1-Pad117)">
      <node ref="Module1" pin="117" pinfunction="CAM1_D0_P"/>
    </net>
    <net code="47" name="Net-(Module1-Pad118)">
      <node ref="Module1" pin="118" pinfunction="PCIe_RX_N"/>
    </net>
    <net code="48" name="Net-(Module1-Pad12)">
      <node ref="Module1" pin="12" pinfunction="Ethernet_Pair0_P"/>
    </net>
    <net code="49" name="Net-(Module1-Pad121)">
      <node ref="Module1" pin="121" pinfunction="CAM1_D1_N"/>
    </net>
    <net code="50" name="Net-(Module1-Pad122)">
      <node ref="Module1" pin="122" pinfunction="PCIe_TX_P"/>
    </net>
    <net code="51" name="Net-(Module1-Pad123)">
      <node ref="Module1" pin="123" pinfunction="CAM1_D1_P"/>
    </net>
    <net code="52" name="Net-(Module1-Pad124)">
      <node ref="Module1" pin="124" pinfunction="PCIe_TX_N"/>
    </net>
    <net code="53" name="Net-(Module1-Pad127)">
      <node ref="Module1" pin="127" pinfunction="CAM1_C_N"/>
    </net>
    <net code="54" name="Net-(Module1-Pad128)">
      <node ref="Module1" pin="128" pinfunction="CAM0_D0_N"/>
    </net>
    <net code="55" name="Net-(Module1-Pad129)">
      <node ref="Module1" pin="129" pinfunction="CAM1_C_P"/>
    </net>
    <net code="56" name="Net-(Module1-Pad130)">
      <node ref="Module1" pin="130" pinfunction="CAM0_D0_P"/>
    </net>
    <net code="57" name="Net-(Module1-Pad133)">
      <node ref="Module1" pin="133" pinfunction="CAM1_D2_N"/>
    </net>
    <net code="58" name="Net-(Module1-Pad134)">
      <node ref="Module1" pin="134" pinfunction="CAM0_D1_N"/>
    </net>
    <net code="59" name="Net-(Module1-Pad135)">
      <node ref="Module1" pin="135" pinfunction="CAM1_D2_P"/>
    </net>
    <net code="60" name="Net-(Module1-Pad136)">
      <node ref="Module1" pin="136" pinfunction="CAM0_D1_P"/>
    </net>
    <net code="61" name="Net-(Module1-Pad139)">
      <node ref="Module1" pin="139" pinfunction="CAM1_D3_N"/>
    </net>
    <net code="62" name="Net-(Module1-Pad140)">
      <node ref="Module1" pin="140" pinfunction="CAM0_C_N"/>
    </net>
    <net code="63" name="Net-(Module1-Pad141)">
      <node ref="Module1" pin="141" pinfunction="CAM1_D3_P"/>
    </net>
    <net code="64" name="Net-(Module1-Pad142)">
      <node ref="Module1" pin="142" pinfunction="CAM0_C_P"/>
    </net>
    <net code="65" name="Net-(Module1-Pad143)">
      <node ref="Module1" pin="143" pinfunction="HDMI1_HOTPLUG"/>
    </net>
    <net code="66" name="Net-(Module1-Pad145)">
      <node ref="Module1" pin="145" pinfunction="HDMI1_SDA"/>
    </net>
    <net code="67" name="Net-(Module1-Pad146)">
      <node ref="Module1" pin="146" pinfunction="HDMI1_TX2_P"/>
    </net>
    <net code="68" name="Net-(Module1-Pad147)">
      <node ref="Module1" pin="147" pinfunction="HDMI1_SCL"/>
    </net>
    <net code="69" name="Net-(Module1-Pad148)">
      <node ref="Module1" pin="148" pinfunction="HDMI1_TX2_N"/>
    </net>
    <net code="70" name="Net-(Module1-Pad149)">
      <node ref="Module1" pin="149" pinfunction="HDMI1_CEC"/>
    </net>
    <net code="71" name="Net-(Module1-Pad15)">
      <node ref="Module1" pin="15" pinfunction="Ethernet_nLED3(3.3v)"/>
    </net>
    <net code="72" name="Net-(Module1-Pad151)">
      <node ref="Module1" pin="151" pinfunction="HDMI0_CEC"/>
    </net>
    <net code="73" name="Net-(Module1-Pad152)">
      <node ref="Module1" pin="152" pinfunction="HDMI1_TX1_P"/>
    </net>
    <net code="74" name="Net-(Module1-Pad153)">
      <node ref="Module1" pin="153" pinfunction="HDMI0_HOTPLUG"/>
    </net>
    <net code="75" name="Net-(Module1-Pad154)">
      <node ref="Module1" pin="154" pinfunction="HDMI1_TX1_N"/>
    </net>
    <net code="76" name="Net-(Module1-Pad157)">
      <node ref="Module1" pin="157" pinfunction="DSI0_D0_N"/>
    </net>
    <net code="77" name="Net-(Module1-Pad158)">
      <node ref="Module1" pin="158" pinfunction="HDMI1_TX0_P"/>
    </net>
    <net code="78" name="Net-(Module1-Pad159)">
      <node ref="Module1" pin="159" pinfunction="DSI0_D0_P"/>
    </net>
    <net code="79" name="Net-(Module1-Pad16)">
      <node ref="Module1" pin="16" pinfunction="Ethernet_SYNC_IN(1.8v)"/>
    </net>
    <net code="80" name="Net-(Module1-Pad160)">
      <node ref="Module1" pin="160" pinfunction="HDMI1_TX0_N"/>
    </net>
    <net code="81" name="Net-(Module1-Pad163)">
      <node ref="Module1" pin="163" pinfunction="DSI0_D1_N"/>
    </net>
    <net code="82" name="Net-(Module1-Pad164)">
      <node ref="Module1" pin="164" pinfunction="HDMI1_CLK_P"/>
    </net>
    <net code="83" name="Net-(Module1-Pad165)">
      <node ref="Module1" pin="165" pinfunction="DSI0_D1_P"/>
    </net>
    <net code="84" name="Net-(Module1-Pad166)">
      <node ref="Module1" pin="166" pinfunction="HDMI1_CLK_N"/>
    </net>
    <net code="85" name="Net-(Module1-Pad169)">
      <node ref="Module1" pin="169" pinfunction="DSI0_C_N"/>
    </net>
    <net code="86" name="Net-(Module1-Pad17)">
      <node ref="Module1" pin="17" pinfunction="Ethernet_nLED2(3.3v)"/>
    </net>
    <net code="87" name="Net-(Module1-Pad170)">
      <node ref="Module1" pin="170" pinfunction="HDMI0_TX2_P"/>
    </net>
    <net code="88" name="Net-(Module1-Pad171)">
      <node ref="Module1" pin="171" pinfunction="DSI0_C_P"/>
    </net>
    <net code="89" name="Net-(Module1-Pad172)">
      <node ref="Module1" pin="172" pinfunction="HDMI0_TX2_N"/>
    </net>
    <net code="90" name="Net-(Module1-Pad175)">
      <node ref="Module1" pin="175" pinfunction="DSI1_D0_N"/>
    </net>
    <net code="91" name="Net-(Module1-Pad176)">
      <node ref="Module1" pin="176" pinfunction="HDMI0_TX1_P"/>
    </net>
    <net code="92" name="Net-(Module1-Pad177)">
      <node ref="Module1" pin="177" pinfunction="DSI1_D0_P"/>
    </net>
    <net code="93" name="Net-(Module1-Pad178)">
      <node ref="Module1" pin="178" pinfunction="HDMI0_TX1_N"/>
    </net>
    <net code="94" name="Net-(Module1-Pad18)">
      <node ref="Module1" pin="18" pinfunction="Ethernet_SYNC_OUT(1.8v)"/>
    </net>
    <net code="95" name="Net-(Module1-Pad181)">
      <node ref="Module1" pin="181" pinfunction="DSI1_D1_N"/>
    </net>
    <net code="96" name="Net-(Module1-Pad182)">
      <node ref="Module1" pin="182" pinfunction="HDMI0_TX0_P"/>
    </net>
    <net code="97" name="Net-(Module1-Pad183)">
      <node ref="Module1" pin="183" pinfunction="DSI1_D1_P"/>
    </net>
    <net code="98" name="Net-(Module1-Pad184)">
      <node ref="Module1" pin="184" pinfunction="HDMI0_TX0_N"/>
    </net>
    <net code="99" name="Net-(Module1-Pad187)">
      <node ref="Module1" pin="187" pinfunction="DSI1_C_N"/>
    </net>
    <net code="100" name="Net-(Module1-Pad188)">
      <node ref="Module1" pin="188" pinfunction="HDMI0_CLK_P"/>
    </net>
    <net code="101" name="Net-(Module1-Pad189)">
      <node ref="Module1" pin="189" pinfunction="DSI1_C_P"/>
    </net>
    <net code="102" name="Net-(Module1-Pad19)">
      <node ref="Module1" pin="19" pinfunction="Ethernet_nLED1(3.3v)"/>
    </net>
    <net code="103" name="Net-(Module1-Pad190)">
      <node ref="Module1" pin="190" pinfunction="HDMI0_CLK_N"/>
    </net>
    <net code="104" name="Net-(Module1-Pad193)">
      <node ref="Module1" pin="193" pinfunction="DSI1_D2_N"/>
    </net>
    <net code="105" name="Net-(Module1-Pad194)">
      <node ref="Module1" pin="194" pinfunction="DSI1_D3_N"/>
    </net>
    <net code="106" name="Net-(Module1-Pad195)">
      <node ref="Module1" pin="195" pinfunction="DSI1_D2_P"/>
    </net>
    <net code="107" name="Net-(Module1-Pad196)">
      <node ref="Module1" pin="196" pinfunction="DSI1_D3_P"/>
    </net>
    <net code="108" name="Net-(Module1-Pad199)">
      <node ref="Module1" pin="199" pinfunction="HDMI0_SDA"/>
    </net>
    <net code="109" name="Net-(Module1-Pad200)">
      <node ref="Module1" pin="200" pinfunction="HDMI0_SCL"/>
    </net>
    <net code="110" name="Net-(Module1-Pad24)">
      <node ref="Module1" pin="24" pinfunction="GPIO26"/>
    </net>
    <net code="111" name="Net-(Module1-Pad25)">
      <node ref="Module1" pin="25" pinfunction="GPIO21"/>
    </net>
    <net code="112" name="Net-(Module1-Pad26)">
      <node ref="Module1" pin="26" pinfunction="GPIO19"/>
    </net>
    <net code="113" name="Net-(Module1-Pad27)">
      <node ref="Module1" pin="27" pinfunction="GPIO20"/>
    </net>
    <net code="114" name="Net-(Module1-Pad28)">
      <node ref="Module1" pin="28" pinfunction="GPIO13"/>
    </net>
    <net code="115" name="Net-(Module1-Pad29)">
      <node ref="Module1" pin="29" pinfunction="GPIO16"/>
    </net>
    <net code="116" name="Net-(Module1-Pad3)">
      <node ref="Module1" pin="3" pinfunction="Ethernet_Pair3_P"/>
    </net>
    <net code="117" name="Net-(Module1-Pad30)">
      <node ref="Module1" pin="30" pinfunction="GPIO6"/>
    </net>
    <net code="118" name="Net-(Module1-Pad31)">
      <node ref="Module1" pin="31" pinfunction="GPIO12"/>
    </net>
    <net code="119" name="Net-(Module1-Pad34)">
      <node ref="Module1" pin="34" pinfunction="GPIO5"/>
    </net>
    <net code="120" name="Net-(Module1-Pad35)">
      <node ref="Module1" pin="35" pinfunction="ID_SC"/>
    </net>
    <net code="121" name="Net-(Module1-Pad36)">
      <node ref="Module1" pin="36" pinfunction="ID_SD"/>
    </net>
    <net code="122" name="Net-(Module1-Pad4)">
      <node ref="Module1" pin="4" pinfunction="Ethernet_Pair1_P"/>
    </net>
    <net code="123" name="Net-(Module1-Pad41)">
      <node ref="Module1" pin="41" pinfunction="GPIO25"/>
    </net>
    <net code="124" name="Net-(Module1-Pad45)">
      <node ref="Module1" pin="45" pinfunction="GPIO24"/>
    </net>
    <net code="125" name="Net-(Module1-Pad46)">
      <node ref="Module1" pin="46" pinfunction="GPIO22"/>
    </net>
    <net code="126" name="Net-(Module1-Pad47)">
      <node ref="Module1" pin="47" pinfunction="GPIO23"/>
    </net>
    <net code="127" name="Net-(Module1-Pad48)">
      <node ref="Module1" pin="48" pinfunction="GPIO27"/>
    </net>
    <net code="128" name="Net-(Module1-Pad49)">
      <node ref="Module1" pin="49" pinfunction="GPIO18"/>
    </net>
    <net code="129" name="Net-(Module1-Pad5)">
      <node ref="Module1" pin="5" pinfunction="Ethernet_Pair3_N"/>
    </net>
    <net code="130" name="Net-(Module1-Pad50)">
      <node ref="Module1" pin="50" pinfunction="GPIO17"/>
    </net>
    <net code="131" name="Net-(Module1-Pad54)">
      <node ref="Module1" pin="54" pinfunction="GPIO4"/>
    </net>
    <net code="132" name="Net-(Module1-Pad57)">
      <node ref="Module1" pin="57" pinfunction="SD_CLK"/>
    </net>
    <net code="133" name="Net-(Module1-Pad6)">
      <node ref="Module1" pin="6" pinfunction="Ethernet_Pair1_N"/>
    </net>
    <net code="134" name="Net-(Module1-Pad61)">
      <node ref="Module1" pin="61" pinfunction="SD_DAT3"/>
    </net>
    <net code="135" name="Net-(Module1-Pad62)">
      <node ref="Module1" pin="62" pinfunction="SD_CMD"/>
    </net>
    <net code="136" name="Net-(Module1-Pad63)">
      <node ref="Module1" pin="63" pinfunction="SD_DAT0"/>
    </net>
    <net code="137" name="Net-(Module1-Pad64)">
      <node ref="Module1" pin="64" pinfunction="SD_DAT5"/>
    </net>
    <net code="138" name="Net-(Module1-Pad67)">
      <node ref="Module1" pin="67" pinfunction="SD_DAT1"/>
    </net>
    <net code="139" name="Net-(Module1-Pad68)">
      <node ref="Module1" pin="68" pinfunction="SD_DAT4"/>
    </net>
    <net code="140" name="Net-(Module1-Pad69)">
      <node ref="Module1" pin="69" pinfunction="SD_DAT2"/>
    </net>
    <net code="141" name="Net-(Module1-Pad70)">
      <node ref="Module1" pin="70" pinfunction="SD_DAT7"/>
    </net>
    <net code="142" name="Net-(Module1-Pad72)">
      <node ref="Module1" pin="72" pinfunction="SD_DAT6"/>
    </net>
    <net code="143" name="Net-(Module1-Pad73)">
      <node ref="Module1" pin="73" pinfunction="SD_VDD_Override"/>
    </net>
    <net code="144" name="Net-(Module1-Pad75)">
      <node ref="Module1" pin="75" pinfunction="SD_PWR_ON"/>
    </net>
    <net code="145" name="Net-(Module1-Pad76)">
      <node ref="Module1" pin="76" pinfunction="Reserved"/>
    </net>
    <net code="146" name="Net-(Module1-Pad80)">
      <node ref="Module1" pin="80" pinfunction="SCL0"/>
    </net>
    <net code="147" name="Net-(Module1-Pad82)">
      <node ref="Module1" pin="82" pinfunction="SDA0"/>
    </net>
    <net code="148" name="Net-(Module1-Pad89)">
      <node ref="Module1" pin="89" pinfunction="WiFi_nDisable"/>
    </net>
    <net code="149" name="Net-(Module1-Pad9)">
      <node ref="Module1" pin="9" pinfunction="Ethernet_Pair2_N"/>
    </net>
    <net code="150" name="Net-(Module1-Pad91)">
      <node ref="Module1" pin="91" pinfunction="BT_nDisable"/>
    </net>
    <net code="151" name="Net-(Module1-Pad92)">
      <node ref="Module1" pin="92" pinfunction="RUN_PG"/>
    </net>
    <net code="152" name="Net-(Module1-Pad94)">
      <node ref="Module1" pin="94" pinfunction="AnalogIP0"/>
    </net>
    <net code="153" name="Net-(Module1-Pad96)">
      <node ref="Module1" pin="96" pinfunction="AnalogIP1"/>
    </net>
    <net code="154" name="Net-(Module1-Pad97)">
      <node ref="Module1" pin="97" pinfunction="Camera_GPIO"/>
    </net>
    <net code="155" name="Net-(Module1-Pad99)">
      <node ref="Module1" pin="99" pinfunction="Global_EN"/>
    </net>
    <net code="156" name="Net-(R6-Pad2)">
      <node ref="R6" pin="2"/>
      <node ref="U1" pin="4"/>
    </net>
  </nets>
</export>
